[{"id":"user-image-4696455.png","publicUrl":"np://user.desktop.nicepage.com/Site_1826228738/images/4696455.png","size":2725,"hash":"AFpGcsd0Yv6kU3N6PSOZ8j5AId0=","fileName":"4696455.png","name":"4696455","width":128,"height":128,"thumbnail":{"url":"np://user.desktop.nicepage.com/Site_1826228738/images/thumbnails/4696455.png","width":128,"height":128,"length":2725,"type":"png"},"folderId":null,"originalUrl":"//images01.nicepagecdn.com/c461c07a441a5d220e8feb1a/04e3825f84dc5dfa92bdcfa3/4696455.png","usages":["231713915"]},{"id":"user-image-948256.png","publicUrl":"np://user.desktop.nicepage.com/Site_1826228738/images/948256.png","size":4456,"hash":"DjC00cDjbj1/YLZr9z7wQQvM4RI=","fileName":"948256.png","name":"948256","width":128,"height":128,"thumbnail":{"url":"np://user.desktop.nicepage.com/Site_1826228738/images/thumbnails/948256.png","width":128,"height":128,"length":4456,"type":"png"},"folderId":null,"originalUrl":"//images01.nicepagecdn.com/c461c07a441a5d220e8feb1a/2085f8abe60357f5a508439f/948256.png","usages":["231713915"]},{"id":"user-image-552859.png","publicUrl":"np://user.desktop.nicepage.com/Site_1826228738/images/552859.png","size":2067,"hash":"JmoYdUtP+zDub4YeSlY4PEAvnvg=","fileName":"552859.png","name":"552859","width":128,"height":128,"thumbnail":{"url":"np://user.desktop.nicepage.com/Site_1826228738/images/thumbnails/552859.png","width":128,"height":128,"length":2067,"type":"png"},"folderId":null,"originalUrl":"https://assets.nicepagecdn.com/d2cc3eaa/3546083/images/552859.png","usages":["231713915"]},{"id":"user-image-114806.png","publicUrl":"np://user.desktop.nicepage.com/Site_1826228738/images/114806.png","size":3334,"hash":"kGrEOB2wu24Z7XtKhPgN3OFbW7U=","fileName":"114806.png","name":"114806","width":128,"height":128,"thumbnail":{"url":"np://user.desktop.nicepage.com/Site_1826228738/images/thumbnails/114806.png","width":128,"height":128,"length":3334,"type":"png"},"folderId":null,"originalUrl":"//images01.nicepagecdn.com/c461c07a441a5d220e8feb1a/4fd860506f1b51d49a9f2768/114806.png","usages":["231713915"]},{"id":"user-image-photo-1526378787940-576a539ba69d.jpeg","publicUrl":"np://user.desktop.nicepage.com/Site_1826228738/images/photo-1526378787940-576a539ba69d.jpeg","size":166059,"hash":"23pYspFutbtQYzO/qEW4f1zfG1w=","fileName":"photo-1526378787940-576a539ba69d.jpeg","name":"photo-1526378787940-576a539ba69d","width":1080,"height":721,"thumbnail":{"url":"np://user.desktop.nicepage.com/Site_1826228738/images/thumbnails/photo-1526378787940-576a539ba69d.jpeg","width":250,"height":167},"folderId":null,"originalUrl":"https://images.unsplash.com/photo-1526378787940-576a539ba69d?crop=entropy&cs=tinysrgb&fit=max&fm=jpg&ixid=M3w1NzgzNjl8MHwxfGNvbGxlY3Rpb258MTF8NDczNjk1M3x8fHx8Mnx8MTc1MzAxMjkwMHw&ixlib=rb-4.1.0&q=80&w=1080","usages":["231713915"]},{"id":"user-image-1.jpg","publicUrl":"np://user.desktop.nicepage.com/Site_1826228738/images/1.jpg","size":10152,"hash":"a3Y69KIfNU80S5N/JBAMXOR2tZM=","fileName":"1.jpg","name":"1","width":211,"height":211,"thumbnail":{"url":"np://user.desktop.nicepage.com/Site_1826228738/images/thumbnails/1.jpg","height":211,"width":211,"length":10152,"type":"jpg"},"folderId":null,"originalUrl":"//images01.nicepagecdn.com/c461c07a441a5d220e8feb1a/f86236aeb432544da74f5648/1.jpg","usages":["231713915"]},{"id":"user-image-3.jpg","publicUrl":"np://user.desktop.nicepage.com/Site_1826228738/images/3.jpg","size":11923,"hash":"0ZsfM61Qwh4z3ayzc/gwrytbIh0=","fileName":"3.jpg","name":"3","width":211,"height":211,"thumbnail":{"url":"np://user.desktop.nicepage.com/Site_1826228738/images/thumbnails/3.jpg","height":211,"width":211,"length":11923,"type":"jpg"},"folderId":null,"originalUrl":"//images01.nicepagecdn.com/c461c07a441a5d220e8feb1a/4a1fc1c3fe6e52cebb2083ed/3.jpg","usages":["231713915"]},{"id":"user-image-4.jpg","publicUrl":"np://user.desktop.nicepage.com/Site_1826228738/images/4.jpg","size":12558,"hash":"B/u937f7vVexoV03D895kT9RmhM=","fileName":"4.jpg","name":"4","width":211,"height":211,"thumbnail":{"url":"np://user.desktop.nicepage.com/Site_1826228738/images/thumbnails/4.jpg","height":211,"width":211,"length":12558,"type":"jpg"},"folderId":null,"originalUrl":"//images01.nicepagecdn.com/c461c07a441a5d220e8feb1a/cd75a5e77de45c12b3c411c9/4.jpg","usages":["231713915"]},{"id":"user-image-2.jpg","publicUrl":"np://user.desktop.nicepage.com/Site_1826228738/images/2.jpg","size":17336,"hash":"qeRxQC9lpM6cOtD6wD1MUymp+as=","fileName":"2.jpg","name":"2","width":211,"height":211,"thumbnail":{"url":"np://user.desktop.nicepage.com/Site_1826228738/images/thumbnails/2.jpg","height":211,"width":211,"length":17336,"type":"jpg"},"folderId":null,"originalUrl":"//images01.nicepagecdn.com/c461c07a441a5d220e8feb1a/745257a42ecc5a57b85b6265/2.jpg","usages":["231713915"]},{"id":"user-image-pretty-smiling-joyfully-female-with-fair-hair-dressed-casually-looking-with-satisfaction_176420-15187.jpg","publicUrl":"np://user.desktop.nicepage.com/Site_1826228738/images/pretty-smiling-joyfully-female-with-fair-hair-dressed-casually-looking-with-satisfaction_176420-15187.jpg","size":41342,"hash":"XUMO3dduxScl7ovT7bx1vjTdLhQ=","fileName":"pretty-smiling-joyfully-female-with-fair-hair-dressed-casually-looking-with-satisfaction_176420-15187.jpg","name":"pretty-smiling-joyfully-female-with-fair-hair-dressed-casually-looking-with-satisfaction_176420-15187","width":626,"height":417,"thumbnail":{"url":"np://user.desktop.nicepage.com/Site_1826228738/images/thumbnails/pretty-smiling-joyfully-female-with-fair-hair-dressed-casually-looking-with-satisfaction_176420-15187.jpg","width":250,"height":167},"folderId":null,"originalUrl":"//images01.nicepagecdn.com/c461c07a441a5d220e8feb1a/bb4a3324cba15018a0c8e5ad/pretty-smiling-joyfully-female-with-fair-hair-dressed-casually-looking-with-satisfaction_176420-15187.jpg?version=","usages":["231713915"]},{"id":"user-image-woman4.jpg","publicUrl":"np://user.desktop.nicepage.com/Site_1826228738/images/woman4.jpg","size":32528,"hash":"WilZ8AIc4DC3/R5sCwoRpLs+w9c=","fileName":"woman4.jpg","name":"woman4","width":626,"height":417,"thumbnail":{"url":"np://user.desktop.nicepage.com/Site_1826228738/images/thumbnails/woman4.jpg","width":250,"height":167},"folderId":null,"originalUrl":"https://assets.nicepagecdn.com/d2cc3eaa/4115030/images/woman4.jpg","usages":["231713915"]},{"id":"user-image-woman7.jpg","publicUrl":"np://user.desktop.nicepage.com/Site_1826228738/images/woman7.jpg","size":37580,"hash":"KVW5VGgxa+tDX0bd3TS4GVCU1d4=","fileName":"woman7.jpg","name":"woman7","width":626,"height":417,"thumbnail":{"url":"np://user.desktop.nicepage.com/Site_1826228738/images/thumbnails/woman7.jpg","width":250,"height":167},"folderId":null,"originalUrl":"https://assets.nicepagecdn.com/d2cc3eaa/4115030/images/woman7.jpg","usages":["231713915"]},{"id":"user-image-photo-1490822239899-bc196b6f19f6.jpeg","publicUrl":"np://user.desktop.nicepage.com/Site_1826228738/images/photo-1490822239899-bc196b6f19f6.jpeg","size":96750,"hash":"V774vVg1ntgVzrMnI1ZbubSggTU=","fileName":"photo-1490822239899-bc196b6f19f6.jpeg","name":"photo-1490822239899-bc196b6f19f6","width":1080,"height":686,"thumbnail":{"url":"np://user.desktop.nicepage.com/Site_1826228738/images/thumbnails/photo-1490822239899-bc196b6f19f6.jpeg","width":250,"height":159},"folderId":null,"originalUrl":"https://images.unsplash.com/photo-1490822239899-bc196b6f19f6?crop=entropy&cs=tinysrgb&fit=max&fm=jpg&ixid=M3w1NzgzNjl8MHwxfGNvbGxlY3Rpb258OHw0NzM2OTUzfHx8fHwyfHwxNzUzMDEyOTAwfA&ixlib=rb-4.1.0&q=80&w=1080","usages":["231713915"]},{"id":"user-image-photo-1512950050685-b1d4ae63d2df.jpeg","publicUrl":"np://user.desktop.nicepage.com/Site_1826228738/images/photo-1512950050685-b1d4ae63d2df.jpeg","size":49748,"hash":"QHNaH+OuzljXZ/efjPFT4r1hEak=","fileName":"photo-1512950050685-b1d4ae63d2df.jpeg","name":"photo-1512950050685-b1d4ae63d2df","width":1080,"height":721,"thumbnail":{"url":"np://user.desktop.nicepage.com/Site_1826228738/images/thumbnails/photo-1512950050685-b1d4ae63d2df.jpeg","width":250,"height":167},"folderId":null,"originalUrl":"https://images.unsplash.com/photo-1512950050685-b1d4ae63d2df?crop=entropy&cs=tinysrgb&fit=max&fm=jpg&ixid=M3w1NzgzNjl8MHwxfGNvbGxlY3Rpb258MTZ8NDczNjk1M3x8fHx8Mnx8MTc1MzAxMjkwMHw&ixlib=rb-4.1.0&q=80&w=1080","usages":["231713915"]},{"id":"user-image-happy-man-with-long-thick-ginger-beard-has-friendly-smile_273609-16616.jpg","publicUrl":"np://user.desktop.nicepage.com/Site_1826228738/images/happy-man-with-long-thick-ginger-beard-has-friendly-smile_273609-16616.jpg","size":30250,"hash":"j6gtVcl/B4rpjoSTX6cmOcqbVoU=","fileName":"happy-man-with-long-thick-ginger-beard-has-friendly-smile_273609-16616.jpg","name":"happy-man-with-long-thick-ginger-beard-has-friendly-smile_273609-16616","width":626,"height":417,"thumbnail":{"url":"np://user.desktop.nicepage.com/Site_1826228738/images/thumbnails/happy-man-with-long-thick-ginger-beard-has-friendly-smile_273609-16616.jpg","width":250,"height":167},"folderId":null,"originalUrl":"//images01.nicepagecdn.com/c461c07a441a5d220e8feb1a/20b72dd9d347529c80882425/happy-man-with-long-thick-ginger-beard-has-friendly-smile_273609-16616.jpg?version=","usages":["231713915"]},{"id":"user-image-photo-1510917087081-51e33cdcc51b.jpeg","publicUrl":"np://user.desktop.nicepage.com/Site_1826228738/images/photo-1510917087081-51e33cdcc51b.jpeg","size":129159,"hash":"9mEkAMyYKdXMSV0RiMXxtP2bNDg=","fileName":"photo-1510917087081-51e33cdcc51b.jpeg","name":"photo-1510917087081-51e33cdcc51b","width":1080,"height":720,"thumbnail":{"url":"np://user.desktop.nicepage.com/Site_1826228738/images/thumbnails/photo-1510917087081-51e33cdcc51b.jpeg","width":250,"height":167},"folderId":null,"originalUrl":"https://images.unsplash.com/photo-1510917087081-51e33cdcc51b?crop=entropy&cs=tinysrgb&fit=max&fm=jpg&ixid=M3w1NzgzNjl8MHwxfGNvbGxlY3Rpb258Mnw0NzM2OTUzfHx8fHwyfHwxNzUzMDEyOTAwfA&ixlib=rb-4.1.0&q=80&w=1080","usages":["231713915"]},{"id":"user-image-photo-1551396029-450186ccecc6.jpeg","publicUrl":"np://user.desktop.nicepage.com/Site_1826228738/images/photo-1551396029-450186ccecc6.jpeg","size":194948,"hash":"b50+wKsKEGJMsmEd9PJKuU2NaPg=","fileName":"photo-1551396029-450186ccecc6.jpeg","name":"photo-1551396029-450186ccecc6","width":1080,"height":1021,"thumbnail":{"url":"np://user.desktop.nicepage.com/Site_1826228738/images/thumbnails/photo-1551396029-450186ccecc6.jpeg","width":250,"height":236},"folderId":null,"originalUrl":"https://images.unsplash.com/photo-1551396029-450186ccecc6?crop=entropy&cs=tinysrgb&fit=max&fm=jpg&ixid=M3w1NzgzNjl8MHwxfGNvbGxlY3Rpb258OXw0NzM2OTUzfHx8fHwyfHwxNzUzMDEyOTAwfA&ixlib=rb-4.1.0&q=80&w=1080","usages":["231713915"]},{"id":"user-image-photo-1540612597331-63c67ea382fc.jpeg","publicUrl":"np://user.desktop.nicepage.com/Site_1826228738/images/photo-1540612597331-63c67ea382fc.jpeg","size":245272,"hash":"4A3aSlGkKdpoOQfe99+G8f9QbdQ=","fileName":"photo-1540612597331-63c67ea382fc.jpeg","name":"photo-1540612597331-63c67ea382fc","width":1080,"height":1080,"thumbnail":{"url":"np://user.desktop.nicepage.com/Site_1826228738/images/thumbnails/photo-1540612597331-63c67ea382fc.jpeg","width":250,"height":250},"folderId":null,"originalUrl":"https://images.unsplash.com/photo-1540612597331-63c67ea382fc?crop=entropy&cs=tinysrgb&fit=max&fm=jpg&ixid=M3w1NzgzNjl8MHwxfGNvbGxlY3Rpb258NXw0NzM2OTUzfHx8fHwyfHwxNzUzMDEyOTAwfA&ixlib=rb-4.1.0&q=80&w=1080","usages":["231713915"]},{"id":"user-image-photo-1531346878377-a5be20888e57.jpeg","publicUrl":"np://user.desktop.nicepage.com/Site_1826228738/images/photo-1531346878377-a5be20888e57.jpeg","size":124123,"hash":"AlqSf/MtU6/07/xH/g+unwBZ7wY=","fileName":"photo-1531346878377-a5be20888e57.jpeg","name":"photo-1531346878377-a5be20888e57","width":1080,"height":1620,"thumbnail":{"url":"np://user.desktop.nicepage.com/Site_1826228738/images/thumbnails/photo-1531346878377-a5be20888e57.jpeg","width":167,"height":250},"folderId":null,"originalUrl":"https://images.unsplash.com/photo-1531346878377-a5be20888e57?crop=entropy&cs=tinysrgb&fit=max&fm=jpg&ixid=M3w1NzgzNjl8MHwxfGNvbGxlY3Rpb258MjB8NDczNjk1M3x8fHx8Mnx8MTc1MzAxMjkwMHw&ixlib=rb-4.1.0&q=80&w=1080","usages":["231713915"]},{"id":"user-image-photo-1553484771-371a605b060b.jpeg","publicUrl":"np://user.desktop.nicepage.com/Site_1826228738/images/photo-1553484771-371a605b060b.jpeg","size":119757,"hash":"NmhdHEuOIuiu1rnIvrfkDy2JiVo=","fileName":"photo-1553484771-371a605b060b.jpeg","name":"photo-1553484771-371a605b060b","width":1080,"height":720,"thumbnail":{"url":"np://user.desktop.nicepage.com/Site_1826228738/images/thumbnails/photo-1553484771-371a605b060b.jpeg","width":250,"height":167},"folderId":null,"originalUrl":"https://images.unsplash.com/photo-1553484771-371a605b060b?crop=entropy&cs=tinysrgb&fit=max&fm=jpg&ixid=M3w1NzgzNjl8MHwxfGNvbGxlY3Rpb258NHw0NzM2OTUzfHx8fHwyfHwxNzUzMDEyOTAwfA&ixlib=rb-4.1.0&q=80&w=1080","usages":["231713915"]},{"id":"user-image-photo-1550483428-9facac419319.jpeg","publicUrl":"np://user.desktop.nicepage.com/Site_1826228738/images/photo-1550483428-9facac419319.jpeg","size":260622,"hash":"qRXENGyH7fSweX7ZfQZXApSx9yo=","fileName":"photo-1550483428-9facac419319.jpeg","name":"photo-1550483428-9facac419319","width":1080,"height":810,"thumbnail":{"url":"np://user.desktop.nicepage.com/Site_1826228738/images/thumbnails/photo-1550483428-9facac419319.jpeg","width":250,"height":188},"folderId":null,"originalUrl":"https://images.unsplash.com/photo-1550483428-9facac419319?crop=entropy&cs=tinysrgb&fit=max&fm=jpg&ixid=M3w1NzgzNjl8MHwxfGNvbGxlY3Rpb258M3w0NzM2OTUzfHx8fHwyfHwxNzUzMDEyOTAwfA&ixlib=rb-4.1.0&q=80&w=1080","usages":["231713915"]},{"id":"user-image-photo-1513098085695-9acd1be53816.jpeg","publicUrl":"np://user.desktop.nicepage.com/Site_1826228738/images/photo-1513098085695-9acd1be53816.jpeg","size":169747,"hash":"JdmM3gA5qoXLlHBRsCUA+qAc7LQ=","fileName":"photo-1513098085695-9acd1be53816.jpeg","name":"photo-1513098085695-9acd1be53816","width":1080,"height":1080,"thumbnail":{"url":"np://user.desktop.nicepage.com/Site_1826228738/images/thumbnails/photo-1513098085695-9acd1be53816.jpeg","width":250,"height":250},"folderId":null,"originalUrl":"https://images.unsplash.com/photo-1513098085695-9acd1be53816?crop=entropy&cs=tinysrgb&fit=max&fm=jpg&ixid=M3w1NzgzNjl8MHwxfGNvbGxlY3Rpb258MTh8NDczNjk1M3x8fHx8Mnx8MTc1MzAxMjkwMHw&ixlib=rb-4.1.0&q=80&w=1080","usages":["231713915"]},{"id":"user-image-photo-1514474959185-1472d4c4e0d4.jpeg","publicUrl":"np://user.desktop.nicepage.com/Site_1826228738/images/photo-1514474959185-1472d4c4e0d4.jpeg","size":227743,"hash":"188DmWKqdZRiNJEcq9l25L4LTUo=","fileName":"photo-1514474959185-1472d4c4e0d4.jpeg","name":"photo-1514474959185-1472d4c4e0d4","width":1080,"height":810,"thumbnail":{"url":"np://user.desktop.nicepage.com/Site_1826228738/images/thumbnails/photo-1514474959185-1472d4c4e0d4.jpeg","width":250,"height":188},"folderId":null,"originalUrl":"https://images.unsplash.com/photo-1514474959185-1472d4c4e0d4?crop=entropy&cs=tinysrgb&fit=max&fm=jpg&ixid=M3w1NzgzNjl8MHwxfGNvbGxlY3Rpb258MTJ8NDczNjk1M3x8fHx8Mnx8MTc1MzAxMjkwMHw&ixlib=rb-4.1.0&q=80&w=1080","usages":["231713915"]},{"id":"user-image-photo-1552793494-111afe03d0ca.jpeg","publicUrl":"np://user.desktop.nicepage.com/Site_1826228738/images/photo-1552793494-111afe03d0ca.jpeg","size":134100,"hash":"kgdua+UIcLeXp4Pv8AQF261B9ng=","fileName":"photo-1552793494-111afe03d0ca.jpeg","name":"photo-1552793494-111afe03d0ca","width":1080,"height":720,"thumbnail":{"url":"np://user.desktop.nicepage.com/Site_1826228738/images/thumbnails/photo-1552793494-111afe03d0ca.jpeg","width":250,"height":167},"folderId":null,"originalUrl":"https://images.unsplash.com/photo-1552793494-111afe03d0ca?crop=entropy&cs=tinysrgb&fit=max&fm=jpg&ixid=M3w1NzgzNjl8MHwxfGNvbGxlY3Rpb258MTN8NDczNjk1M3x8fHx8Mnx8MTc1MzAxMjkwMHw&ixlib=rb-4.1.0&q=80&w=1080","usages":["231713915"]},{"id":"user-image-photo-1516906736502-5d3fedc3019a.jpeg","publicUrl":"np://user.desktop.nicepage.com/Site_1826228738/images/photo-1516906736502-5d3fedc3019a.jpeg","size":30878,"hash":"aF0boENwo3/7idwfoH5LxwzjRys=","fileName":"photo-1516906736502-5d3fedc3019a.jpeg","name":"photo-1516906736502-5d3fedc3019a","width":1080,"height":720,"thumbnail":{"url":"np://user.desktop.nicepage.com/Site_1826228738/images/thumbnails/photo-1516906736502-5d3fedc3019a.jpeg","width":250,"height":167},"folderId":null,"originalUrl":"https://images.unsplash.com/photo-1516906736502-5d3fedc3019a?crop=entropy&cs=tinysrgb&fit=max&fm=jpg&ixid=M3w1NzgzNjl8MHwxfGNvbGxlY3Rpb258MXw0NzM2OTUzfHx8fHwyfHwxNzUzMDEyOTAwfA&ixlib=rb-4.1.0&q=80&w=1080","usages":["231713915"]},{"id":"user-image-photo-1511548774318-563182fe8d03.jpeg","publicUrl":"np://user.desktop.nicepage.com/Site_1826228738/images/photo-1511548774318-563182fe8d03.jpeg","size":18325,"hash":"nBkJPNwlDv/pCb/fpx1bPt02uMM=","fileName":"photo-1511548774318-563182fe8d03.jpeg","name":"photo-1511548774318-563182fe8d03","width":1080,"height":721,"thumbnail":{"url":"np://user.desktop.nicepage.com/Site_1826228738/images/thumbnails/photo-1511548774318-563182fe8d03.jpeg","width":250,"height":167},"folderId":null,"originalUrl":"https://images.unsplash.com/photo-1511548774318-563182fe8d03?crop=entropy&cs=tinysrgb&fit=max&fm=jpg&ixid=M3w1NzgzNjl8MHwxfGNvbGxlY3Rpb258N3w0NzM2OTUzfHx8fHwyfHwxNzUzMDEyOTAwfA&ixlib=rb-4.1.0&q=80&w=1080","usages":["231713915"]},{"id":"user-image-photo-1532622785990-d2c36a76f5a6.jpeg","publicUrl":"np://user.desktop.nicepage.com/Site_1826228738/images/photo-1532622785990-d2c36a76f5a6.jpeg","size":75550,"hash":"99Osyf9BNOHX/47mMrfbsAuGkG0=","fileName":"photo-1532622785990-d2c36a76f5a6.jpeg","name":"photo-1532622785990-d2c36a76f5a6","width":1080,"height":720,"thumbnail":{"url":"np://user.desktop.nicepage.com/Site_1826228738/images/thumbnails/photo-1532622785990-d2c36a76f5a6.jpeg","width":250,"height":167},"folderId":null,"originalUrl":"https://images.unsplash.com/photo-1532622785990-d2c36a76f5a6?crop=entropy&cs=tinysrgb&fit=max&fm=jpg&ixid=M3w1NzgzNjl8MHwxfGNvbGxlY3Rpb258Nnw0NzM2OTUzfHx8fHwyfHwxNzUzMDEyOTAwfA&ixlib=rb-4.1.0&q=80&w=1080","usages":["231713915"]}]