[{"id":18226839,"title":"Blog Template","order":1,"templateKey":"blog","customTemplate":false,"customTemplateFilename":null,"pageLinks":[],"dateCreated":"2025-07-20T11:52:18.373Z","dateUpdated":"2025-07-20T11:52:20.384Z","folderId":null,"pageName":"Blog Template","serverPageId":null,"sectionCount":1,"status":2,"backwardUrl":null},{"id":140718462,"title":"Post Template","order":2,"templateKey":"post","customTemplate":false,"customTemplateFilename":null,"pageLinks":[],"dateCreated":"2025-07-20T11:52:18.582Z","dateUpdated":"2025-07-20T11:52:20.384Z","folderId":null,"pageName":"Post Template","serverPageId":null,"sectionCount":1,"status":2,"backwardUrl":null},{"id":416120293,"title":"Product List Template","order":3,"templateKey":"products","customTemplate":false,"customTemplateFilename":null,"pageLinks":[],"dateCreated":"2025-07-20T11:52:18.754Z","dateUpdated":"2025-07-20T11:52:20.384Z","folderId":null,"pageName":"Product List Template","serverPageId":null,"sectionCount":1,"status":2,"backwardUrl":null},{"id":2268420228,"title":"Product Details Template","order":4,"templateKey":"product","customTemplate":false,"customTemplateFilename":null,"pageLinks":[],"dateCreated":"2025-07-20T11:52:18.940Z","dateUpdated":"2025-07-20T11:52:20.385Z","folderId":null,"pageName":"Product Details Template","serverPageId":null,"sectionCount":1,"status":2,"backwardUrl":null},{"id":134855542,"title":"Shopping Cart Template","order":5,"templateKey":"cart","customTemplate":false,"customTemplateFilename":null,"pageLinks":[],"dateCreated":"2025-07-20T11:52:19.079Z","dateUpdated":"2025-07-20T11:52:20.385Z","folderId":null,"pageName":"Shopping Cart Template","serverPageId":null,"sectionCount":1,"status":2,"backwardUrl":null},{"id":207922695,"title":"Checkout Template","order":6,"templateKey":"checkout","customTemplate":false,"customTemplateFilename":null,"pageLinks":[],"dateCreated":"2025-07-20T11:52:19.254Z","dateUpdated":"2025-07-20T11:52:20.385Z","folderId":null,"pageName":"Checkout Template","serverPageId":null,"sectionCount":1,"status":2,"backwardUrl":null},{"id":3044225849,"title":"Login Template","order":7,"templateKey":"login","customTemplate":false,"customTemplateFilename":null,"pageLinks":[],"dateCreated":"2025-07-20T11:52:19.363Z","dateUpdated":"2025-07-20T11:52:20.385Z","folderId":null,"pageName":"Login Template","serverPageId":null,"sectionCount":1,"status":2,"backwardUrl":null},{"id":133584592,"title":"Search Page Template","order":8,"templateKey":"Search","customTemplate":false,"customTemplateFilename":null,"pageLinks":[],"dateCreated":"2025-07-20T11:52:19.446Z","dateUpdated":"2025-07-20T11:52:20.385Z","folderId":null,"pageName":"Search Page Template","serverPageId":null,"sectionCount":1,"status":2,"backwardUrl":null},{"id":21145688,"title":"Page Password Template","order":9,"templateKey":"password","customTemplate":false,"customTemplateFilename":null,"pageLinks":[],"dateCreated":"2025-07-20T11:52:19.533Z","dateUpdated":"2025-07-20T11:52:20.385Z","folderId":null,"pageName":"Page Password Template","serverPageId":null,"sectionCount":1,"status":2,"backwardUrl":null},{"id":69101819,"title":"404 Not Found Template","order":10,"templateKey":"404","customTemplate":false,"customTemplateFilename":null,"pageLinks":[],"dateCreated":"2025-07-20T11:52:19.624Z","dateUpdated":"2025-07-20T11:52:20.386Z","folderId":null,"pageName":"404 Not Found Template","serverPageId":null,"sectionCount":1,"status":2,"backwardUrl":null},{"id":685114529,"title":"Thank You Page Template","order":11,"templateKey":"ThankYou","customTemplate":false,"customTemplateFilename":null,"pageLinks":[],"dateCreated":"2025-07-20T11:52:19.731Z","dateUpdated":"2025-07-20T11:52:20.386Z","folderId":null,"pageName":"Thank You Page Template","serverPageId":null,"sectionCount":1,"status":2,"backwardUrl":null},{"id":849008222,"title":"Home","order":50,"templateKey":null,"customTemplate":false,"customTemplateFilename":null,"pageLinks":[],"dateCreated":"2025-07-20T11:52:21.047Z","dateUpdated":"2025-07-20T11:53:13.017Z","folderId":null,"pageName":"Home_849008222","serverPageId":null,"sectionCount":1,"status":2,"backwardUrl":null},{"id":2270919785,"title":"About","order":100,"templateKey":null,"customTemplate":false,"customTemplateFilename":null,"pageLinks":[],"dateCreated":"2025-07-20T11:52:19.781Z","dateUpdated":"2025-07-20T12:12:34.225Z","folderId":null,"pageName":"About_2270919785","serverPageId":null,"sectionCount":1,"status":2,"backwardUrl":null},{"id":1560618788,"title":"Contact","order":101,"templateKey":null,"customTemplate":false,"customTemplateFilename":null,"pageLinks":[],"dateCreated":"2025-07-20T11:52:19.824Z","dateUpdated":"2025-07-20T11:52:20.386Z","folderId":null,"pageName":"Contact_1560618788","serverPageId":null,"sectionCount":1,"status":2,"backwardUrl":null},{"id":773117060,"title":"Page 1","order":102,"templateKey":null,"customTemplate":false,"customTemplateFilename":null,"pageLinks":[],"dateCreated":"2025-07-20T11:53:21.336Z","dateUpdated":"2025-07-20T12:06:36.957Z","folderId":null,"pageName":"Page 1_773117060","serverPageId":null,"sectionCount":3,"status":2,"backwardUrl":null},{"id":231713915,"title":"Page 2","order":103,"templateKey":null,"customTemplate":false,"customTemplateFilename":null,"pageLinks":[],"dateCreated":"2025-07-20T12:06:36.556Z","dateUpdated":"2025-07-20T12:06:54.787Z","folderId":null,"pageName":"Page 2_231713915","serverPageId":null,"sectionCount":14,"status":2,"backwardUrl":null}]